{
  "project_info": {
    "project_number": "1044369367525",
    "firebase_url": "https://procastinator-6533f.firebaseio.com",
    "project_id": "procastinator-6533f",
    "storage_bucket": "procastinator-6533f.appspot.com"
  },
  "client": [
    {
      "client_info": {
        "mobilesdk_app_id": "1:1044369367525:android:8e0cc4a15ee210e4",
        "android_client_info": {
          "package_name": "com.example.dalyakhatun.procastinator"
        }
      },
      "oauth_client": [
        {
          "client_id": "1044369367525-1ecr40h3hc7r4e4vo0unpvl5a8qgevq8.apps.googleusercontent.com",
          "client_type": 1,
          "android_info": {
            "package_name": "com.example.dalyakhatun.procastinator",
            "certificate_hash": "d92d971a17e07249bb377e27a77fe67f7305dc3a"
          }
        },
        {
          "client_id": "1044369367525-nn32a5g18ahs9cipijdcolng7s6vik10.apps.googleusercontent.com",
          "client_type": 3
        }
      ],
      "api_key": [
        {
          "current_key": "AIzaSyBFlhgFxQSYlWYa0lD-uPjynRo-Utv6TSc"
        }
      ],
      "services": {
        "analytics_service": {
          "status": 1
        },
        "appinvite_service": {
          "status": 2,
          "other_platform_oauth_client": [
            {
              "client_id": "1044369367525-nn32a5g18ahs9cipijdcolng7s6vik10.apps.googleusercontent.com",
              "client_type": 3
            }
          ]
        },
        "ads_service": {
          "status": 2
        }
      }
    }
  ],
  "configuration_version": "1"
}